ID,TargetF1,TargetRAUC
ID_E760D84B,1,0.4491535302127001
ID_6EDEA907,1,0.7083373302886643
ID_B9FFC8D8,1,0.44215175200247286
ID_74C6C94E,1,0.42392778887911414
ID_0E02825D,1,0.755875276181316
ID_DA1C6468,1,0.825704171486995
ID_82EBD610,1,0.7493814518404077
ID_791C412A,1,0.8760691066740764
ID_8FB9365C,1,0.7678561028053088
ID_724491A7,1,0.3604570082210153
ID_95C83AE3,1,0.6878280059401933
ID_6650ABA4,1,0.9469328433726567
ID_92412BFC,1,0.9188854463203238
ID_257F4327,1,0.9512345890115483
ID_CD7A50F0,1,0.9233846722683462
ID_8A80F1B6,1,0.9299088130031923
ID_90DB7797,1,0.906163863121751
ID_4FF46045,1,0.6444220415347406
ID_33E6AFA0,1,0.591819631533332
ID_FF308DAB,1,0.5335248843919245
ID_E6335ACF,1,0.919643250185973
ID_00A5C192,1,0.9289394150135799
ID_C644EA64,1,0.7296556862630997
ID_B922D5B3,1,0.4984362066386453
ID_4922E479,1,0.5225071829145238
ID_1B6F3B46,1,0.8872635642136936
ID_1E3C23E7,1,0.9249528288209927
ID_C9E61B00,1,0.9278103778031014
ID_3A4C3214,1,0.9405659864289935
ID_B70DC075,1,0.9195324329404222
ID_37FEC45E,1,0.9203255448550467
ID_04E5F26F,1,0.9308059659177959
ID_CED509CF,1,0.9027974024691563
ID_DCD98292,1,0.47274496056179693
ID_FEFAA255,1,0.5492773019572788
ID_1C24DA16,1,0.9429941994428743
ID_0FB18B11,1,0.9285932246873672
ID_EB1ED24C,1,0.9292120570627393
ID_E987B903,1,0.4439181210175871
ID_F1BC780A,1,0.9405230403689353
ID_BA6C0C58,1,0.9413725379131415
ID_A7CB9837,1,0.3679567319701672
ID_5FCD1EA3,1,0.580599319773882
ID_81A71445,1,0.9035236722945144
ID_667AEDE0,1,0.6042109815647332
ID_2321FB97,1,0.8927157261214571
ID_4738ABDA,1,0.9663424098235702
ID_6DF23A45,1,0.5691132205720122
ID_5033C878,1,0.9476025169748166
ID_64691B48,1,0.3143540535712954
ID_B7A3CC04,1,0.5996962592014297
ID_B2F4942A,1,0.315619038659435
ID_4DA54BA7,1,0.7026671428295763
ID_37CDF050,1,0.41715802756352155
ID_BF308F64,1,0.637457538123309
ID_23C954B8,1,0.5889721297067179
ID_2CAB42BB,1,0.39446160756136683
ID_28FC36FB,0,0.22354293531375896
ID_E9FB2EE0,1,0.4577757620943882
ID_40E0E560,1,0.6008401623642124
ID_6390D5E3,1,0.5240653116080612
ID_14816EA6,1,0.41222155307104186
ID_0BA591EF,1,0.34197488392746206
ID_3FE2AD00,1,0.7009765186645174
ID_ECE8827F,1,0.9499116853844172
ID_E8447477,1,0.9168510748393959
ID_FC0EEFB3,1,0.6921013269104934
ID_C04F966D,1,0.5061932161761915
ID_8A1BB4B5,1,0.8712113431657466
ID_8F7535A8,1,0.9225691612358373
ID_F0E81248,1,0.5540458826017316
ID_BEE12475,1,0.9192912777400946
ID_3C31D099,1,0.928839356530465
ID_9251B100,1,0.9424234671692753
ID_9B7CB467,1,0.9415490135892413
ID_1361BD75,0,0.22569592468159708
ID_794D8957,1,0.9304184466872369
ID_DFEC4687,1,0.9093000592974059
ID_2942441F,1,0.9330647587619518
ID_A0D3A8EC,1,0.912919958806979
ID_4B2DB0F9,1,0.6138186654185215
ID_D84255BD,1,0.7564532194594389
ID_6AAEAE8D,1,0.9229597572100876
ID_85FA5EED,1,0.5999243432425909
ID_8AEFEADB,1,0.9501119460084286
ID_019770DF,1,0.9218838216357765
ID_993EA802,1,0.5219108988103558
ID_84316E57,1,0.9447636667804628
ID_B05DFB77,1,0.9157160807031246
ID_8DF97D0F,1,0.927369216708536
ID_7E9F2BAA,1,0.3655851433576394
ID_68029D80,1,0.9317167180687389
ID_85B6C676,1,0.6453906925345911
ID_DF32D72E,1,0.6904346758641577
ID_471C11AC,1,0.9411703233627107
ID_4C672D7E,1,0.7992591917297118
ID_2B9DF127,1,0.9316820047019736
ID_1F7E202E,1,0.9236779300668244
ID_EEFE9B75,1,0.9442712603445225
ID_D12EA07C,1,0.4072704325253782
ID_88FCF4B6,1,0.9201521793911162
ID_6E5C17E5,1,0.9214957545632203
ID_F59245FC,1,0.9217772504296216
ID_0562A431,1,0.5173932535638804
ID_56C774E2,1,0.913697053387017
ID_C640170D,1,0.9329352449194959
ID_A2C7F38C,1,0.9136080925858209
ID_032EDDF5,1,0.6874398146206635
ID_3DAA458C,1,0.9372373874043289
ID_9435A135,1,0.8127228256486186
ID_532CCEE8,1,0.9270273725128713
ID_AA78D0D0,1,0.9000703177077516
ID_02E167CB,1,0.949266507512822
ID_B366A33F,1,0.9090044202054767
ID_3C0F4D77,1,0.9431140224966074
ID_96239BA8,1,0.9528652048104735
ID_AF250671,1,0.9394245433060822
ID_7FA74CD1,1,0.9525816965951861
ID_7FF7F248,1,0.4505647646559224
ID_F128076E,1,0.9207739080285919
ID_F6CE2E6C,1,0.9099474532628375
ID_CD783113,1,0.9219269804205932
ID_401F6ED7,1,0.8941325302854007
ID_051CB1D1,1,0.9104688372360612
ID_4E257780,0,0.1982864381350612
ID_32418073,1,0.9399538728101378
ID_D45A4EFA,1,0.43653954077070534
ID_962FAE12,1,0.5922992916236138
ID_6926B74B,1,0.9160162558398317
ID_874FD745,1,0.8464886638199403
ID_FE70B6E0,1,0.3034674686155931
ID_8F1B3020,0,0.26752787919254284
ID_BE933B4B,1,0.9322996812331146
ID_1D341F7C,1,0.9430922142190348
ID_5F4441FC,1,0.7901751229280867
ID_877F9101,1,0.9093355176875766
ID_4B0D8A92,1,0.694468519421791
ID_E8F4B53D,1,0.8191203473710019
ID_3ADC768C,1,0.3433649373813372
ID_90EA271F,1,0.9127220093640502
ID_5537F205,1,0.7356819968024007
ID_0772B55B,1,0.5486668864216107
ID_76953BF3,1,0.6527399519057273
ID_DB7EA21E,1,0.4721980070822807
ID_371647D8,1,0.6126341895747579
ID_719B8D99,1,0.3665353022658949
ID_A9C9D49D,1,0.41365607664441106
ID_199BF069,1,0.6555759429050081
ID_72A59036,1,0.45400573486428386
ID_4B36C7FA,1,0.9525817778723746
ID_70F36923,1,0.3478103733311272
ID_3F5AD800,1,0.43731355505261893
ID_6C598A9B,0,0.2304909964474036
ID_7E71F6C6,1,0.5574998772842904
ID_EB7B1BD7,1,0.9125494612559035
ID_B8433149,1,0.7761520697666209
ID_65400720,1,0.600815095080718
ID_F7F14A13,1,0.9068294605335671
ID_46F83BA8,0,0.2954054646035289
ID_61AAA409,1,0.9028704766969541
ID_4B3075F5,1,0.9132594929605133
ID_6E2E13F5,1,0.604740444943578
ID_EE74BE9C,0,0.23186635543101408
ID_2F932C81,1,0.9152398456527326
ID_B7A07307,1,0.6341861822717147
ID_3A6CEA33,1,0.8773935962013617
ID_26D068A6,1,0.9181154103663556
ID_62D6E61B,1,0.9087329122345036
ID_8333AF2A,1,0.9418822446639179
ID_EF55E066,1,0.3020336119162016
ID_E46278DA,1,0.9257553414788806
ID_5567010E,1,0.927991162267678
ID_682474AC,1,0.9496049756489573
ID_F97320F6,1,0.9344430185283396
ID_1C986462,1,0.9309814253786417
ID_27318359,1,0.9227421547776488
ID_222270DC,1,0.9139273988064598
ID_52DEE93A,1,0.5705181155626697
ID_5FBD00D7,1,0.6574922675154622
ID_9C9B5558,1,0.8939445473039755
ID_532A51AC,1,0.7861036385336555
ID_97B1AD5B,0,0.2829092904253747
ID_056ADE94,1,0.5522866450243279
ID_FBAA0AD5,1,0.5375211154489712
ID_2361B215,1,0.8523154967421466
ID_AE60B971,1,0.6724231670680312
ID_0DA0353F,1,0.9067936824390112
ID_5C28F7B4,1,0.876776611561211
ID_9E57007E,1,0.9185425910940699
ID_B5E06820,1,0.6889188060983041
ID_70A6F678,1,0.7262431892032764
ID_3EEFB9A3,1,0.9003324405735084
ID_E1AF8A93,1,0.9210500403938914
ID_7EB7C52F,0,0.25945501090023915
ID_5725278D,1,0.8730869881065895
ID_A684C083,1,0.906986781776302
ID_CFF6D4D0,1,0.3581792314567966
ID_EA510978,1,0.9132081761408372
ID_109BC4B4,1,0.9261992234821413
ID_B841EDCE,1,0.7346361903201659
ID_990D7AA6,1,0.9346307873852292
ID_D38EE3ED,1,0.8226921463593035
ID_FBA0B573,1,0.45539973645370013
ID_13B4C990,1,0.5998750660325327
ID_9CAB28AC,1,0.8338474297955096
ID_123A6C18,1,0.9173033738104444
ID_93C780E9,1,0.8765388097305973
ID_18B398CF,1,0.9544689886113449
ID_F41DBBC5,1,0.9318502832739233
ID_A6E2BDB2,1,0.9316460571301182
ID_1746BF7E,1,0.902539313346348
ID_9EEC3A93,1,0.9183124561075114
ID_1E192E61,1,0.7277565801285378
ID_5AC55F7F,1,0.8726687084248836
ID_9D362AC5,1,0.7392397262080819
ID_1275E770,1,0.9141179288007999
ID_F43E568D,1,0.9166857204808272
ID_E7DB224A,1,0.9215769847699
ID_713D4B6F,1,0.8979483486146469
ID_42C9E95A,1,0.966320476573132
ID_14555504,1,0.9410082321839495
ID_FAB43532,1,0.9101823400057238
ID_9A78E971,0,0.2912368494291437
ID_948A28A2,1,0.8895460870779754
ID_5BCEC81D,1,0.9401211397568403
ID_FF8E2666,1,0.942795130729107
ID_4B87620A,1,0.3554616102178403
ID_0E1B50C7,1,0.9191514866085889
ID_773026A8,1,0.35391946817619624
ID_786C9CA9,1,0.3811437891490924
ID_9A4B8C5D,1,0.9453831836426435
ID_49927622,1,0.43916825705745377
ID_87280DBC,1,0.9440120478377173
ID_1AA72786,1,0.39259149603135757
ID_B9B800E4,1,0.8958854040180665
ID_F5E9FDA7,1,0.9184179299141653
ID_00C07212,1,0.39019472264195065
ID_7192AC47,1,0.7243577480806911
ID_840B6CE1,1,0.8541181721145366
ID_7A33DEB0,0,0.26172368429540305
ID_9342D705,1,0.9077594120825789
ID_8911C6F3,1,0.645040874638135
ID_01EE4352,1,0.49568292918245843
ID_392ED006,1,0.34531745777680034
ID_7D020A3E,1,0.9036538251694504
ID_2D47B733,1,0.7730709367716446
ID_E09C36B0,1,0.4064477202103265
ID_5AAD02C3,1,0.9376417284807904
ID_544FBFA3,1,0.9290232147487285
ID_78523CE4,1,0.885039635918724
ID_2C0D9992,1,0.8915377337595616
ID_1D19FEA3,1,0.5878509447876837
ID_C0A344A2,1,0.47195126490544115
ID_BB944785,1,0.937799624207043
ID_8570E515,1,0.5146338533200694
ID_63F6942D,1,0.3301907794651803
ID_47DBCF7F,1,0.9500559895299597
ID_936F5D06,1,0.6692790945848872
ID_7DEFA08D,1,0.9192290339746391
ID_0C58A90D,1,0.9014273767956424
ID_DC0FBDBA,1,0.30513610057008433
ID_81632C01,0,0.2161499037709803
ID_FAD9AB1A,0,0.25411843335564993
ID_091374DA,1,0.9338260443157427
ID_C304B191,0,0.26451043542875896
ID_8FA929D9,1,0.9098231956357807
ID_41F626A9,1,0.622852095911026
ID_F2CDE152,1,0.9067967962686729
ID_9939F007,1,0.40126988170691347
ID_91EF5C97,0,0.23758278187037057
ID_4E899BF0,1,0.48292848382981607
ID_C934BA5F,1,0.8439909481648817
ID_15900459,1,0.9439022207336487
ID_5B3B35D8,1,0.8984639046438274
ID_B8111312,1,0.8924680751472314
ID_3B0EFBAB,1,0.4186529028943715
ID_D7816F53,1,0.40626336640398963
ID_C4FA9A63,1,0.5010186293944617
ID_689E3F3C,1,0.9088197595011438
ID_CA06AE89,1,0.3311261266921488
ID_B2C94A50,1,0.7050360715506236
ID_21E01D6F,0,0.1814417625791656
ID_5A2EA94E,1,0.7090330183286002
ID_7F5CD946,1,0.6353086292129285
ID_8B0BBB9A,1,0.6988142052287487
ID_BA99B0DF,0,0.246461324508714
ID_F408FBA7,1,0.48555202400204844
ID_AF0F2F12,0,0.26045404984689063
ID_1870213C,1,0.6042455955110371
ID_2874319C,1,0.4959856875073771
ID_2755AA0D,1,0.5625659029703516
ID_3CFB1830,0,0.26521935352247694
ID_CE98E9D2,1,0.9271448940645393
ID_7C5BF1F8,1,0.5804734439690036
ID_49686BE8,1,0.8988287211382338
ID_B49D4FD7,1,0.9178385046751186
ID_65E962DA,1,0.9017102462963111
ID_0CE994FA,1,0.8867494102285831
ID_EABB3781,1,0.37002959205718566
ID_0CF208A1,0,0.24174470175239432
ID_6FDB0FE5,1,0.9079740337891263
ID_1654D304,1,0.9246475622876549
ID_E21149F8,1,0.9168315705002101
ID_472E6965,1,0.4802731857485003
ID_EE3D2F76,1,0.890881254340777
ID_E2FB9F7C,1,0.94309520866297
ID_81E96BF3,0,0.27403389737656114
ID_B1BB9AEA,1,0.5683205085340091
ID_D0FB9038,0,0.19672927679404928
ID_9B37F983,1,0.8725715050214176
ID_F3D0FD01,1,0.9179719648415535
ID_1DE98600,0,0.24073213630829232
ID_6D8EA30A,1,0.9083359448653923
ID_30C55FE3,0,0.23291838790404673
ID_E17E370A,1,0.9240014187076575
ID_2C45D8AB,1,0.9550014430935095
ID_33082C3E,1,0.896643115673349
ID_B1B3A6F0,1,0.8559393116791388
ID_44FA87BB,1,0.9525695638412861
ID_E6B1C982,1,0.899838900858347
ID_76BABA2F,1,0.9218921262781334
ID_A53937E5,1,0.9172033820369931
ID_3422A1CA,1,0.7985607249841928
ID_56D6B46F,1,0.8919050758745438
ID_D35FCDC2,1,0.8530939886079862
ID_11DC963B,1,0.9250014302306486
ID_F9664879,1,0.9314629155150839
ID_0299D0E8,1,0.9204850031671585
ID_BFCFB4B3,1,0.9397629473518807
ID_CDADA7CA,1,0.3626857564409065
ID_2E63E38C,0,0.20930108361687783
ID_5188D2A4,1,0.8909549823724091
ID_97CF6588,1,0.9139068311698446
ID_E1F7EB72,1,0.5562137485708797
ID_737BBF10,1,0.4405878080754796
ID_4CFAC288,1,0.4013313902675164
ID_B8A06CE5,1,0.9335149124655224
ID_26F5D73F,1,0.4472342649720058
ID_7B1FF645,1,0.9109725291992725
ID_2EC547B4,1,0.5941462574357781
ID_D24ACDA6,1,0.9126848118746405
ID_F1B7203B,1,0.3533116793497719
ID_7FAC693D,1,0.927081936872724
ID_E591B3CD,0,0.2445150036477265
ID_AAE6FAD1,1,0.871830142777861
ID_AA649819,1,0.8805764487488181
ID_9EC112E0,1,0.9151196951383829
ID_F41271B0,1,0.900578211728241
ID_5091E3FA,1,0.7721095916191653
ID_54B881C5,1,0.8888586055949912
ID_F544D34A,0,0.24342861735342022
ID_42078A4F,1,0.8858832314215255
ID_3206C9FE,1,0.64038110824702
ID_B3D6AE03,1,0.9300937162305116
ID_882B591B,1,0.8890851968836271
ID_AAD80969,0,0.19366048395657387
ID_0E971FAE,0,0.19463922790894014
ID_C6D1DF0F,0,0.25854611535801664
ID_28DBEBF9,1,0.3083250629867536
ID_076A5F43,1,0.400463267730481
ID_36C8AF99,1,0.9160427935086077
ID_64EF7896,0,0.25116868598460607
ID_2AC9E359,1,0.9469714127226984
ID_F614A63A,1,0.5338715138406276
ID_563DBABA,1,0.8879347626430836
ID_EB1FA3B5,0,0.15419464639629232
ID_9A01F83E,1,0.8898520499228979
ID_A74C59C8,1,0.7204402414281292
ID_DD58175D,1,0.4896751509162473
ID_382F9997,1,0.8918525115320741
ID_35848939,1,0.4280257274368444
ID_E9B2D588,1,0.38136157363146483
ID_B03843C1,1,0.8929685951186868
ID_303B4B7F,1,0.8916458580223601
ID_099199E9,0,0.18803303481456013
ID_DC87A899,0,0.2597879196099022
ID_79378933,1,0.5747032636662419
ID_41F3F0DB,1,0.8880776505578154
ID_968D52A6,1,0.36856227549594867
ID_CAB0FF2A,0,0.19645107765827807
ID_DCEF8419,0,0.16395808103867343
ID_CE63260A,1,0.5700862282533006
ID_DE436165,1,0.8951149959851277
ID_E608D60B,0,0.24791943241893621
ID_E8E1FBD7,1,0.8800150208479796
ID_1E498B57,0,0.17611013330118058
ID_B451EEA7,1,0.8991728286863006
ID_7377A417,1,0.6240444991037619
ID_EBCDB127,1,0.9432073880098842
ID_B1B6D17D,1,0.561629094351054
ID_463ACCCC,1,0.33235324294719515
ID_4B6C020F,1,0.8698281942347041
ID_50DE2099,1,0.3706039574909624
ID_BF9E62F4,1,0.901401395972419
ID_302B988D,1,0.6713151638813255
ID_6D313E5B,1,0.908431879326062
ID_F6EA2C0C,1,0.8966253632158329
ID_B754479B,1,0.5918597239247658
ID_49D7DA98,0,0.19622897628819708
ID_FA11B039,0,0.2839962823653943
ID_A94E4ABD,1,0.7142243743435353
ID_89069D96,1,0.3462625514584313
ID_3BE6B468,1,0.8973671018470595
ID_F21D2629,1,0.873339960979608
ID_9DFD825B,0,0.26265240226496345
ID_987CE5E3,0,0.23225254266187656
ID_C21041C9,1,0.8929276001918818
ID_F8E7863F,1,0.35496305755585705
ID_3085B625,1,0.9193802093375056
ID_91A23E88,1,0.8272402474625709
ID_3FCC2A69,1,0.9060558656272971
ID_A873FF56,1,0.8745234302779294
ID_EEC09DEC,1,0.8876555220979351
ID_09CE5707,1,0.8935191323265554
ID_3CFCFF9A,1,0.888301386525749
ID_B2346D84,1,0.8729158734534899
ID_09C6FE91,1,0.8670410675838964
ID_94B070D2,1,0.45826399726864553
ID_9FA29A95,1,0.5165358477328069
ID_F1090F03,1,0.9510620082110639
ID_99156C00,1,0.8753030110294828
ID_8BA9045C,1,0.924621257150367
ID_CDA60986,0,0.14345262671790035
ID_AAB574B6,1,0.8955968195853561
ID_7A1B5366,1,0.9456230066826992
ID_8D5815FA,1,0.4495313768796165
ID_8BEFF27C,1,0.9350753627945141
ID_CBD940F9,1,0.8877413946709842
ID_58F1C5F5,1,0.8507742288990647
ID_F8E7705D,1,0.36596866642535963
ID_7E02C17F,1,0.940786943654742
ID_B8346107,0,0.18359644505764922
ID_3BA5F88C,1,0.8988113972841691
ID_46928C1A,1,0.9087890545045909
ID_45094378,1,0.8805729697331288
ID_F3BDB14E,1,0.577914726394426
ID_8C7E82F8,1,0.7593522187084654
ID_356EBF60,1,0.9005569477032539
ID_DACBBD85,0,0.25457561774227006
ID_BFE0234F,1,0.9087200303784093
ID_EB18A321,0,0.2315866031925809
ID_A6D702B7,1,0.89174228676728
ID_04DD0D77,1,0.7045544975618039
ID_BB01F488,1,0.34380450813366115
ID_AECECAA4,1,0.6038186518796014
ID_2319E085,1,0.912588000488157
ID_6DD27B4F,1,0.9274238211670218
ID_77C92125,1,0.9289248992193249
ID_E9985D15,1,0.6319302119320273
ID_229F1917,1,0.885480732392979
ID_7AE3CAC6,1,0.8912750774962626
ID_25F697A3,1,0.9182956651487291
ID_A571168B,1,0.895323701096696
ID_B2DA3DCC,0,0.1685454122614826
ID_754FBABE,1,0.8894224551513015
ID_5032173B,1,0.7722763921761022
ID_F8CF01E9,1,0.8350977718079937
ID_77AD88EC,1,0.8919901605061792
ID_C59E900F,1,0.5487379735651123
ID_618B9562,1,0.9101407855665073
ID_46524AA7,1,0.644413425843086
ID_DBED9C34,1,0.9200584972824846
ID_E2F592AB,0,0.25626544923965133
ID_13763A0A,1,0.9340143658298897
ID_6584C399,1,0.8861779665885477
ID_027D1FF2,1,0.4450953912580854
ID_7CFBC22D,1,0.8838943067861705
ID_C06834DA,1,0.4754928263200378
ID_FE0FF944,1,0.6836965158670711
ID_7FCD47D2,1,0.8997236873058079
ID_BBF62A0C,1,0.8589357212500326
ID_E906B3CB,1,0.8739797338121322
ID_285B477A,1,0.8949198844346111
ID_16485879,1,0.8721748737538423
ID_675FC7FA,1,0.8788080766856089
ID_DE9EE061,1,0.8955463977116938
ID_FA196174,1,0.9098226470125866
ID_0BB3B2EB,1,0.8754513818562691
ID_AD37D05E,1,0.8677816886186739
ID_54C88E9E,1,0.5246704578862081
ID_3F138D6C,1,0.3879935398087416
ID_88CAE640,1,0.34633864547719756
ID_96774B0A,1,0.32405693856822937
ID_5F993DC3,1,0.8887919941636917
ID_2966F18D,1,0.7389303252443589
ID_A77318D0,1,0.8831995230811633
ID_1C8C238A,1,0.8914407517960133
ID_EAF569D4,0,0.15836158069287587
ID_1021C45E,1,0.47715576768742446
ID_CB5F44E3,1,0.34499742358362706
ID_F938B1E1,1,0.6153112405418881
ID_813F55CD,0,0.22006365832805175
ID_3EC7D5AE,1,0.9057367146160412
ID_71064EC1,1,0.8622504851557204
ID_E920C61F,1,0.9435796917726804
ID_1154F4ED,0,0.18257518054913927
ID_6D6AD6DD,0,0.29078685252232744
ID_69B133D7,0,0.1872431549017693
ID_226E739C,1,0.6320714502777556
ID_5EB384E7,0,0.23759299288478603
ID_343AF679,0,0.23431409178165433
ID_A66A7B54,1,0.9160706692536886
ID_10686B68,0,0.25712786046770375
ID_51F0EEF9,1,0.8502100484303048
ID_35136830,1,0.8680029470038678
ID_80F99E06,1,0.39824694490561086
ID_F2135D0E,1,0.668938896397052
ID_86385DE9,0,0.24160972084298177
ID_2C6A24F5,0,0.21251460644610237
ID_01930656,0,0.16631812860840955
ID_2045D210,1,0.8229510626553862
ID_3E3FD267,0,0.22521469887168274
ID_439BAA21,0,0.15220962612102182
ID_81F29313,1,0.4605561314686915
ID_82B23887,1,0.9023487505608035
ID_F248F158,1,0.9010847710455464
ID_7834C270,1,0.8925136988764277
ID_0F39F307,1,0.3462165297991489
ID_4D357587,1,0.4755088816909183
ID_CB8C7FC0,1,0.8733839252820471
ID_9315CAF0,1,0.8975919896518006
ID_12E68B57,0,0.24016489154922724
ID_8D8F789D,1,0.8426750970015213
ID_74EADF28,1,0.8650581925884299
ID_536A6DBC,1,0.8767768464102186
ID_3377A8AB,1,0.8760434936744829
ID_498C39A9,1,0.890222632843952
ID_CA874018,1,0.36231260366629825
ID_E6D9ABB0,1,0.8637200955176723
ID_6A63EA8F,1,0.44401282145807075
ID_996EAA66,1,0.8985769880549108
ID_D6C7F336,1,0.8181911001716538
ID_0FCFA51D,0,0.2549540583456199
ID_825BF98C,1,0.8798682369871222
ID_3918F407,1,0.9240169373401619
ID_DBC37E40,1,0.3982326893143635
ID_C854A596,1,0.7950842220472918
ID_716754D3,1,0.8896969529251004
ID_E312B5F1,1,0.34509054726972305
ID_70C24D73,1,0.5728066713284179
ID_569A1AC9,1,0.8492661069123828
ID_707C2916,1,0.8764811962114007
ID_0D93CC80,1,0.9116699597021172
ID_136D179F,1,0.5100584895876066
ID_FD7104D3,0,0.23110111415649795
ID_15396813,1,0.37966218801349993
ID_D89FA3F8,1,0.7347440191411214
ID_E308FE82,0,0.20216966748383722
ID_84CD0003,1,0.8558987935861011
ID_5B04ACA0,1,0.8483528872192323
ID_D46ACFEB,0,0.27780450333951345
ID_22D9DBCB,0,0.18230027978512972
ID_A1A026D9,1,0.33184862699872997
ID_9024FD7B,1,0.8529990977220712
ID_B2C93644,1,0.9317393528909506
ID_FB39175E,1,0.5593437785662956
ID_1DB32B9D,1,0.5429836672406109
ID_90C6A3D0,1,0.8956030149496155
ID_846D8421,1,0.9071526811607639
ID_941E8BDE,1,0.8367129436250176
ID_CB5439AA,0,0.2608799417725188
ID_9F0A3029,1,0.5530988023618
ID_6DD0764E,1,0.5689882437542566
ID_BF079D9B,1,0.4464985250759046
ID_B5A62F88,1,0.797829595646842
ID_51E638D8,1,0.8278188892023539
ID_C27F2A95,1,0.41488690355666613
ID_810F9EF0,1,0.48096346791814215
ID_7FBEF275,1,0.9122668825893816
ID_609394D9,0,0.26929950780639245
ID_E2EB39B2,0,0.2704674833358797
ID_5BB483C7,1,0.862353561869275
ID_3ACA4301,1,0.8571466800622232
ID_A791B2D6,1,0.5173462922364939
ID_921C784B,1,0.6883831347256003
ID_177D2958,0,0.26437992530268145
ID_D35A3A4F,1,0.8536496506144082
ID_072F6799,1,0.8725492504266504
ID_1D00052B,1,0.8811423935507023
ID_CCA8BDAB,1,0.8772467492663257
ID_D0A99844,1,0.8718197423437413
ID_F8009D80,1,0.8287775870098559
ID_AFB4934C,1,0.4038394182143998
ID_C491377E,0,0.14120211594075152
ID_B4F9E365,1,0.9044404362404691
ID_84A6A866,1,0.5935243724551666
ID_2F1547ED,0,0.2330305507430947
ID_528E3E1F,0,0.2921181040730694
ID_1B2D8DA3,1,0.9468919556324429
ID_4D0BE9CE,1,0.43759051136771976
ID_E9456C2F,0,0.1498164154175114
ID_D46D8868,1,0.7865714036007416
ID_0D076EF3,1,0.4132174579940893
ID_F70D46BF,1,0.7503220728799
ID_63788172,1,0.35837262476961634
ID_84481A28,1,0.858705982613956
ID_8B0FD419,0,0.2997228222993666
ID_88FBD9FE,1,0.8922886323676682
ID_AFF92F3B,1,0.44304152317619816
ID_4620C088,0,0.12036248307497958
ID_D416683A,1,0.3838394738385505
ID_951DDB23,1,0.9008754787067439
ID_AF3466F9,1,0.5499643655278366
ID_0256959F,1,0.5644337230883938
ID_27EAF684,1,0.45153686360682094
ID_8E1CFC61,1,0.9194876696339105
ID_2F705845,1,0.4614033430657488
ID_0A870699,1,0.8414461243400383
ID_CD27AC3C,1,0.9158424321362737
ID_2C9E9B22,1,0.3522418086897685
ID_ECEF8B2C,1,0.4117392082647614
ID_8987366A,0,0.19807775129374897
ID_D4F9857F,1,0.7062520159895433
ID_761512B5,0,0.24943169681393867
ID_61CC884E,0,0.16885313992533946
ID_BA5A8386,1,0.866331878018499
ID_42AD4C93,0,0.2300479502813919
ID_ECF4B640,1,0.5625735236652043
ID_BBAAC453,1,0.45225398620238233
ID_2A52C626,1,0.5135014746128275
ID_2FC523DC,1,0.898800184304239
ID_86823F0B,0,0.2733546746331349
ID_B8FC1F2F,1,0.4569165012893939
ID_E925B66F,0,0.18771778674243417
ID_EA5BFDFC,0,0.23232262632981654
ID_A8162D4B,1,0.6939184370878038
ID_3A26993B,1,0.42344494282217743
ID_4E786A09,0,0.2523032028385425
ID_24772B21,0,0.28524835160871825
ID_A4A2D7C7,1,0.8099134941251431
ID_95F38480,0,0.19109949932123552
ID_B5DAA9EB,1,0.345054628711415
ID_B12865A6,0,0.2824960396479401
ID_DE54B4C0,0,0.10727579002504486
ID_8947AF2C,1,0.9140357074532379
ID_3F6E9CE1,1,0.6526097298653899
ID_622D8A31,1,0.8669629198179697
ID_D224B5BE,1,0.5766491325985879
ID_134EC5DE,1,0.5892231009932385
ID_1C941F23,1,0.8583238471785158
ID_92050DCB,1,0.6797713733526677
ID_F3C39475,1,0.646544807552454
ID_95A802BA,0,0.15868235813262657
ID_FB341D39,1,0.8490493058713373
ID_9871A190,0,0.09546584403465672
ID_86247DBC,1,0.6363469980074891
ID_FB3C08D5,1,0.3627612782070926
ID_1877818E,1,0.6095008114717062
ID_91980D61,0,0.1963707171010326
ID_459CFCFF,1,0.490163868946609
ID_52E765DB,1,0.8804015249100775
ID_88E7F564,1,0.8294338903493177
ID_23875176,1,0.8505422791237224
ID_540A7CD2,1,0.8485935798255798
ID_9F62E63D,0,0.11976463701745649
ID_167CF914,1,0.32236065854615
ID_985AE903,1,0.38125046416081687
ID_40A1C103,0,0.25508295372394807
ID_B5CD7941,1,0.8585967791468418
ID_E2EE0B60,1,0.3988479771031002
ID_5BFDAF55,0,0.2745696677471118
ID_B853DFB5,0,0.1397732863133437
ID_9ACC49DA,1,0.6639456309882619
ID_0E2726F9,0,0.1754655648230082
ID_178E6372,1,0.6201372523253115
ID_B774E80B,0,0.16231181723741647
ID_B41C407F,1,0.6021367357192441
ID_1A16618C,0,0.29839465929690173
ID_7A38355E,1,0.9260317374588408
ID_B95E2884,0,0.25844076410209604
ID_486C0198,1,0.3911613399232844
ID_DC8E3C88,1,0.8509537341223872
ID_22D77532,1,0.3749084586342634
ID_C8D6B3EE,1,0.5263203570689277
ID_BFF5DE26,1,0.8353570851144363
ID_A72C1369,0,0.10513672408077827
ID_5062503C,1,0.9278702458837067
ID_A2F2E5E6,0,0.23200811238964683
ID_5BAACDFE,1,0.8659741030019845
ID_F6AFCC99,1,0.8432499992503819
ID_F54AA6DE,1,0.8320036860537743
ID_5D247138,1,0.8380777036476716
ID_5F839CA2,1,0.819909888397371
ID_D04A96CC,1,0.6466623337760344
ID_9A614080,0,0.15614599009152808
ID_1731B0E1,1,0.7058024545004024
ID_E012245E,1,0.7273526113435749
ID_4588F2E5,1,0.8313664903615885
ID_8454A209,0,0.2062458715492776
ID_9293E58F,1,0.6378270386999525
ID_8D84F4BA,1,0.8442277503899706
ID_7623AA39,0,0.1417177056092856
ID_ED18E367,1,0.47332806994069365
ID_98E829DD,1,0.44138548405223554
ID_22BFF34D,1,0.8877128308678863
ID_0167AD33,1,0.8525066624984203
ID_76A60DA1,0,0.21641451236069037
ID_04F500FF,0,0.2830685364460604
ID_46ECC605,1,0.5966738652438405
ID_614EEDC9,1,0.825734906336709
ID_6FECC7E5,1,0.4910595726658215
ID_2C9C0305,1,0.811413015423273
ID_F7B32980,1,0.7578086203606196
ID_BBD58F09,1,0.9053367147018386
ID_302E21FD,1,0.8735334760126453
ID_2A383365,1,0.8165731350669476
ID_52FBB47E,1,0.4970657058922467
ID_31CAA276,1,0.6966018798413507
ID_37081CA2,1,0.8341565342643187
ID_CB8E4CF3,1,0.8277489594506116
ID_F47B39FB,1,0.3116732002872241
ID_FCC643CF,1,0.6256556916291396
ID_27D6A018,0,0.13587275134211785
ID_4FD92E7F,1,0.7270844618703052
ID_5EA52FD4,1,0.8334957218471853
ID_B617A0B2,1,0.908516199209948
ID_782478AF,1,0.7606331484873542
ID_38EC8944,1,0.5579401013258782
ID_1ACDD97F,1,0.8421320755742594
ID_9EDB4157,0,0.23637143390607446
ID_05CC5051,1,0.8289283304409927
ID_A8D54989,0,0.14027506675185078
ID_FE510473,1,0.9312670149336317
ID_04B8CE61,1,0.5498340255052333
ID_3B5B271A,1,0.9108334117467491
ID_1DEE523A,0,0.13992644107028562
ID_1E95D879,1,0.8296864951742378
ID_71B160EE,1,0.8094641656409336
ID_2A596B35,0,0.25712318552898356
ID_15486BB9,1,0.8613478400233578
ID_C0ABA923,0,0.15406852993175257
ID_B3BE1FE9,1,0.43805593017352706
ID_F50E013F,1,0.9057433268160556
ID_3F61C60B,0,0.19522516957571168
ID_3F1E2CD8,1,0.8230244070155275
ID_0A971289,1,0.8521648210162621
ID_03E2D383,1,0.8553129924381143
ID_5D204076,1,0.8809255323695809
ID_0686654B,1,0.3732541687363985
ID_D0B4DE66,1,0.668035836316047
ID_7126CFA9,1,0.8374461099028865
ID_A2486114,1,0.7934864369958545
ID_5E476866,1,0.7914814779252426
ID_D7E29E78,1,0.8466640242450199
ID_A401EE14,1,0.8038193024884497
ID_4FC64B34,1,0.8874454728133423
ID_D4F633DD,1,0.3117107453747264
ID_A0C3071F,1,0.861753674240952
ID_BBCAFC5F,1,0.8337086202427882
ID_9ADBC631,0,0.20139968424540453
ID_7F302EC2,1,0.8167580047178492
ID_6B5C208F,1,0.3164149453978118
ID_83892D2F,1,0.48003368058186063
ID_EFE92331,1,0.8951975024144412
ID_CB26602E,1,0.42638661047211046
ID_9A43B5BC,1,0.8225589270129479
ID_5A135691,1,0.38656222368391846
ID_EE841349,1,0.8855422627177724
ID_75CD9AED,1,0.5711965532287112
ID_5388DDBA,1,0.8894702871436009
ID_E429B966,1,0.8182764910385318
ID_35E9CE90,0,0.1531107506818973
ID_72B016C7,0,0.12597319171987562
ID_CC5072C7,0,0.10475577778732512
ID_9D858406,1,0.37126294469553733
ID_FA606576,1,0.7191280309159266
ID_99410CC9,1,0.7316651703622834
ID_22C205EB,1,0.826443344905996
ID_006DCA07,1,0.4331594857555493
ID_D3540D0E,1,0.5990517429494003
ID_B181CD3F,0,0.1486962009881102
ID_8F219D52,1,0.6350644201982781
ID_5ED91935,1,0.7456282913016667
ID_771470D7,1,0.7102664727617461
ID_73CAE2AE,1,0.8314275846193468
ID_49EE564D,0,0.17273440038216012
ID_C65FCF01,0,0.2483163534139322
ID_4A540B83,1,0.8043091482009467
ID_D03EB2D5,1,0.6390291928369151
ID_1525DC3E,1,0.8340547184078516
ID_E6A88E0D,1,0.8061110784493963
ID_5D3867EB,1,0.7769510421436902
ID_EA33EC25,1,0.6926035261307
ID_1D677930,1,0.5844647112374259
ID_B53D5B90,1,0.8147382928671623
ID_50FFD280,1,0.8134387802844486
ID_2BDC8AA4,1,0.7492990209367669
ID_B3605B4D,0,0.2666820314012318
ID_AE47F0F7,1,0.757629534145182
ID_16A018CB,1,0.7521740542613775
ID_720785CB,1,0.7513219149782178
ID_B799239D,1,0.7916613508106727
ID_437ED2F1,1,0.6007731858045305
ID_7D5813AC,1,0.7828943523066387
ID_D3CAE29D,1,0.5426210318691738
ID_144620C3,0,0.23399368344258242
ID_52C8952F,1,0.6172668213751636
ID_884EA7F1,1,0.7812230766355761
ID_E6A9BFC0,0,0.2356993917820301
ID_DBC768CB,1,0.4742312719716529
ID_7784F392,1,0.575198210667623
ID_7B9B4263,1,0.7226830268718065
ID_B1CF77F8,0,0.18231624286413545
ID_A1A94174,1,0.6776767005453959
ID_CF2E8085,0,0.22847984265706078
ID_DB02126F,1,0.722907758849662
ID_49882C60,0,0.2437111532721714
ID_C63D56D5,1,0.7254549721257602
ID_02D51717,1,0.6610226382554918
ID_954CBC81,0,0.28675033997505106
ID_C055BEFC,1,0.8446776367758042
ID_AC683379,1,0.72863404147564
ID_9E7DBF53,1,0.3760048676483075
ID_5EB875B2,1,0.7497529696485894
ID_5E77E448,1,0.6244237003524351
ID_CC3F86C7,1,0.418208396511193
ID_2F4A5A96,1,0.5516610887413487
ID_8287C57C,1,0.49788346619924123
ID_A6AD2CBC,1,0.6579822339694719
ID_A82A687F,0,0.19074869760637067
ID_701AC83D,1,0.5201372430242932
ID_57727844,1,0.3722213907639605
ID_94CEB354,1,0.5802473172249858
ID_50E3E2AE,1,0.6102287297510026
ID_646D617F,0,0.21347356308097692
ID_2E1B02E1,1,0.6728307382957807
ID_200A3BC5,1,0.538625416667358
ID_4AF83B98,0,0.2013665882823306
ID_A325DAA1,1,0.5176237851391268
ID_297F9520,0,0.19126584480967707
ID_50B18C66,1,0.4024497003469288
ID_B888E881,1,0.6030319216205934
ID_6A693FA9,0,0.16402750204207953
ID_F570FEDB,1,0.669716589487457
ID_13B39D72,0,0.12570692173720643
ID_D992BD42,0,0.18830141431861674
ID_814BFE2A,1,0.5956349935395049
ID_D411550E,1,0.5377062813171416
ID_2892CFC2,1,0.6733524771134529
ID_585EE8A5,1,0.5832443092071735
ID_47F36258,1,0.7049689770794778
ID_086BF3D6,1,0.4840312898470951
ID_8CA9541B,1,0.6425068354021325
ID_8002205A,1,0.6316996718178775
ID_85B6A3C2,1,0.5578889894386372
ID_5AD2BD30,1,0.8001897019240151
ID_1963EFB3,1,0.33568401726413744
ID_7395017A,1,0.6174826777656501
ID_E61EC312,1,0.5460854988189485
ID_AB569713,1,0.515543171408116
ID_E94C9321,1,0.4769035922790727
ID_945A8A14,1,0.5694485200372332
ID_D9505F8B,1,0.7279052148112299
ID_07D37772,1,0.6543523899272963
ID_C9BE095C,1,0.5678596276166902
ID_F95A30AB,0,0.1656021368386464
ID_F5CCC3CE,1,0.5249847856080544
ID_C371D420,1,0.3086334589849101
ID_3DEE48F8,1,0.4832825368185681
ID_BA75D1F6,1,0.31057704568902966
ID_B41984EB,1,0.6880194456643076
ID_131B2628,1,0.7284812198329527
ID_0580C84E,1,0.5173253968771844
ID_C575D4C2,1,0.6917958997594591
ID_D17A03A7,0,0.1480788016102426
ID_7B345817,1,0.6667592521411956
ID_005ED879,1,0.6505000395791449
ID_1690A21F,1,0.44615784469563513
ID_2FD873B7,1,0.3786208050316092
ID_3FA81345,1,0.5843547243494921
ID_88FA7808,1,0.5523549994911341
ID_1F0D149C,0,0.09309790683403617
ID_3376BE57,1,0.5663483498282327
ID_131E28BE,1,0.6266993957728075
ID_F2090260,0,0.19993134825397116
ID_08DABC1A,1,0.5570711625684064
ID_52B36550,1,0.5821198825751008
ID_2EDED264,1,0.3993927322986657
ID_8E75754A,1,0.5963828939482605
ID_7287BC35,1,0.5233887088020339
ID_866D32E0,0,0.11653694639020533
ID_578F79E1,1,0.39005062216051
ID_AAB742CE,0,0.12224388145034726
ID_15DCC4A1,1,0.6339308763427145
ID_79856E17,1,0.6903164940701871
ID_48EDA830,1,0.7519013100190461
ID_13E3897A,1,0.5612899789263731
ID_339328A8,1,0.7183749044675074
ID_A5B08786,1,0.6960456165310981
ID_76479068,1,0.7108456559961231
ID_213771F2,1,0.34110611772070537
ID_CFE5920E,1,0.513871041275826
ID_044494D0,1,0.5507846650518622
ID_38964A48,1,0.5100642941213973
ID_AF48463A,1,0.5134080933081128
ID_A47C81B0,1,0.5878988899776914
ID_363BF066,1,0.6849574774808519
ID_319F9F11,1,0.6469514153142093
ID_FA327E0E,1,0.5859356521074499
ID_8B47DDFF,1,0.6774999588717026
ID_7C2091B9,0,0.17985292680646278
ID_6EE69B0D,1,0.500625985863302
ID_3EC4D865,1,0.6303697596181137
ID_6EF127B9,1,0.6026699482518268
ID_6212C6A0,1,0.4633547114789681
ID_73BD9B55,1,0.4245566391322325
ID_48710A33,1,0.36251193648670416
ID_9F378BBA,1,0.5673484092487022
ID_F1F95B68,1,0.5444345659899776
ID_36C7DD36,1,0.750630861400854
ID_D2049886,1,0.5776729992170553
ID_C587EF64,1,0.6577691688119917
ID_42F42752,1,0.6141318120680378
ID_5079E721,1,0.7362454602287443
ID_BEDC9979,0,0.09904901781891276
ID_EFCB896F,1,0.5166175788018881
ID_193B5730,1,0.6326619642615781
ID_B00D5BE9,1,0.5626231014919608
ID_09CC6075,1,0.48273810187924415
ID_ACB0BFAA,0,0.09343987557213387
ID_919A1A44,1,0.640825305462481
ID_2553FC19,1,0.7396751335426145
ID_89282CE8,1,0.6067036912786139
ID_A4A83A70,1,0.5921034255524933
ID_9D58A389,0,0.11464884459723679
ID_39FEA5BE,1,0.5392197753850415
ID_4DF5742A,1,0.6949749988833127
ID_D89E7EB1,1,0.5689316092523673
ID_378362AC,1,0.5646277334750335
ID_E005FD7B,1,0.5300146430275783
ID_6D221F3F,0,0.2963552641844478
ID_1CCA366E,1,0.6261099552313034
ID_3E15F61C,1,0.5724633815492832
ID_B3062E82,0,0.14299647317270114
ID_E7C58C9F,1,0.5401228447200133
ID_9A30F0A1,1,0.5758221145305026
ID_A9E32FDF,1,0.559656512026749
ID_D1C04988,1,0.693783305645868
ID_86FD2E5E,1,0.6087772880164856
ID_F85084F1,1,0.5384536187076002
ID_6C79B80E,0,0.24075785979432618
ID_641E6DFE,1,0.6114818233614148
ID_7441A196,0,0.2747468130471433
ID_1564B9F5,1,0.6156652006154786
ID_931B5FE1,1,0.4735220805811122
ID_637D9E73,1,0.61713026700981
ID_2C3E9488,0,0.16677161860949286
ID_F54DC975,1,0.38201511828512447
ID_F7FCC396,1,0.6648255670877464
ID_8F61D00C,1,0.5118166828010795
ID_890F1B88,1,0.688577303529849
ID_8FA74192,1,0.5547529232489951
ID_69E42528,1,0.6698015028530107
ID_44325939,1,0.6690821570159649
ID_CF88F53D,1,0.7099403626766306
ID_25AE799B,0,0.08196720650679186
ID_D1479C87,1,0.5257776891207595
ID_010986EF,1,0.6804619538616808
ID_7F3812BB,1,0.5145049377000397
ID_9C186D11,1,0.5397407955466808
ID_AE1D5DDC,1,0.7286145575872482
ID_F637D491,1,0.7638401436726238
ID_D851C917,1,0.5954385399487131
ID_E52AD25B,1,0.4659503429643149
ID_C6F9F1B4,1,0.6159167075333152
ID_DB23A499,1,0.3919189109208858
ID_57C6B9E3,1,0.6799117305115632
ID_FBEAD3BE,0,0.16131458006819865
ID_D51839F8,1,0.6012436384708026
ID_C222079F,1,0.5648229246852732
ID_E52BA1F9,0,0.23348593913974924
ID_8F82CE3F,1,0.43611568960977043
ID_465E85C8,1,0.6594166192186504
ID_73252921,1,0.5252351798927566
ID_88085FD6,1,0.5737151923220642
ID_1880C4DA,1,0.3267559348623315
ID_83DE95DB,1,0.31659648466515644
ID_C42E904C,1,0.5832501688888294
ID_1505E510,1,0.6170079858891799
ID_ABCD6735,1,0.474838450500245
ID_7F075023,1,0.666373522406161
ID_A10C2622,1,0.5158207754741148
ID_349450A8,1,0.523838996173823
ID_56BD98C0,0,0.10020808766411032
ID_79652E47,0,0.21873699603899643
ID_153F5F06,1,0.5314268723557558
ID_F066081E,1,0.5361081658947703
ID_8BCEDF1C,1,0.6126314737842562
ID_97657485,1,0.5391833719064345
ID_D586D676,1,0.543150886739529
ID_F5C6DBD2,1,0.592764750860542
ID_9A09C017,1,0.6184149494697241
ID_17D6C3FF,1,0.3278739642389704
ID_DFBD516A,1,0.6220946073137701
ID_9EF6CCE1,1,0.4112070909868412
ID_7F734618,0,0.18911082319790917
ID_DE3B27E2,1,0.5982903106974464
ID_C88525D4,0,0.2048052242027968
ID_7B1F877F,1,0.55519139998661
ID_74EC6B97,1,0.7447192264713368
ID_B51D88FA,1,0.5272289159911574
ID_4E93276E,1,0.5909827768285258
ID_89E21611,1,0.5207938455900936
ID_DA038928,1,0.5875971264018556
ID_41919990,1,0.5316469094046341
ID_C7CF54E8,1,0.6629075869114041
ID_013744F3,1,0.6126288143240872
ID_5C7FBC6B,1,0.6482134452214378
ID_BDADE0D7,1,0.4461420173879529
ID_8DF883D2,0,0.23719582411001758
ID_0676190A,1,0.6170714189629019
ID_56E935BA,1,0.7579866781044654
ID_4DF41587,1,0.6571402882679442
ID_3F2C77EB,0,0.11585114492472184
ID_8BDC07EF,1,0.6992294160954473
ID_BF8D1B66,0,0.27555802621586806
ID_451155EB,1,0.5691301039793351
ID_C9349F29,1,0.5494309456973989
ID_36BA6093,1,0.5736068589421571
ID_35CECC9A,1,0.6892472322925824
ID_BBF46F32,1,0.7233560954701704
ID_217B5C98,1,0.5647626635667795
ID_3DBE7E47,0,0.21067838785786666
ID_FA776E81,1,0.7387895689742825
ID_E29DADEA,1,0.6074653554329995
ID_911AD860,1,0.42912582411733746
ID_CAC43CF7,1,0.6101868360849545
ID_A3FBDDCC,1,0.4757499823615658
ID_A6652C52,1,0.5952630819021272
ID_82DEF492,1,0.6580066285005455
